INDEX_NR,OPID,OPERATOR,ATYPE,AMA,AMO,EMA,EMO,AC_CLASS,AC_MASS,NUM_ENGS,TYPE_ENG,ENG_1_POS,ENG_2_POS,ENG_3_POS,ENG_4_POS,REG,FLT,REMAINS_COLLECTED,REMAINS_SENT,INCIDENT_DATE,INCIDENT_MONTH,INCIDENT_YEAR,TIME_OF_DAY,TIME,AIRPORT_ID,AIRPORT,STATE,FAAREGION,ENROUTE,RUNWAY,LOCATION,HEIGHT,SPEED,DISTANCE,PHASE_OF_FLT,DAMAGE,STR_RAD,DAM_RAD,STR_WINDSHLD,DAM_WINDSHLD,STR_NOSE,DAM_NOSE,STR_ENG1,DAM_ENG1,STR_ENG2,DAM_ENG2,STR_ENG3,DAM_ENG3,STR_ENG4,DAM_ENG4,INGESTED,STR_PROP,DAM_PROP,STR_WING_ROT,DAM_WING_ROT,STR_FUSE,DAM_FUSE,STR_LG,DAM_LG,STR_TAIL,DAM_TAIL,STR_LGHTS,DAM_LGHTS,STR_OTHER,DAM_OTHER,OTHER_SPECIFY,EFFECT,EFFECT_OTHER,SKY,PRECIP,SPECIES_ID,SPECIES,BIRDS_SEEN,BIRDS_STRUCK,SIZE,WARNED,COMMENTS,REMARKS,AOS,COST_REPAIRS,COST_OTHER,COST_REPAIRS_INFL_ADJ,COST_OTHER_INFL_ADJ,REPORTED_NAME,REPORTED_TITLE,REPORTED_DATE,SOURCE,PERSON,NR_INJURIES,NR_FATALITIES,LUPDATE,TRANSFER,INDICATED_DAMAGE
100000,"AAL","AMERICAN AIRLINES","B-727","148","10","34","10","A","4","3","D","5","6","5",,"N859AA",,0,0,"1992-05-13 00:00:00",5,1992,"Day",,"KDFW","DALLAS/FORT WORTH INTL ARPT","TX","ASW",,"13R",,300,142,,"Approach","N",0,0,1,0,0,0,0,0,0,0,0,0,0,0,0,0,0,0,0,0,0,0,0,0,0,0,0,0,0,,"None",,"Overcast","None","UNKBS","Unknown bird - small","1","1","Small","N",,"ASKED MAINT TO INSPCT VICINITY OF #2 ENG WHERE IT APPEARS BIRD  WAS DEFLECTED.",,,,,,"Deleted","Deleted","1992-05-14 00:00:00","FAA Form 5200-7","Pilot",,,"1996-03-14 00:00:00",0,0
100001,"UAL","UNITED AIRLINES","B-737-300","148","24","10","01","A","4","2","D","1","1",,,,"1768",0,0,"1996-06-22 00:00:00",6,1996,,,"KSMF","SACRAMENTO INTL","CA","AWP",,,,0,,0.00000000e+00,"Take-off run",,0,0,0,0,1,0,0,0,0,0,0,0,0,0,0,0,0,0,0,0,0,0,0,0,0,0,0,0,0,,,,,,"UNKBM","Unknown bird - medium",,"1","Medium",,,"BLOOD ON L FWD NOSE AREA SEEN BY CREW AFTER LDG.",,,,,,"Deleted","Deleted",,"Air Transport Report","Air Transport Operations",,,"2007-12-20 00:00:00",0,0
100002,"UAL","UNITED AIRLINES","B-737-300","148","24","10","01","A","4","2","D","1","1",,,,"1845",0,0,"1996-06-26 00:00:00",6,1996,,,"KDEN","DENVER INTL AIRPORT","CO","ANM",,,,0,,0.00000000e+00,"Take-off run",,0,0,0,0,0,0,1,0,0,0,0,0,0,0,0,0,0,0,0,0,0,0,0,0,0,0,0,0,0,,,,,,"UNKBM","Unknown bird - medium",,"1","Medium",,,"CREW SUSPECTED BIRDSTRIKE ON T/O. LOOKED LIKE IT MIGHT HAVE HIT L ENG. LOGBOOK ENTRY. NOTIFIED DISPATCH.",,,,,,"Deleted","Deleted",,"Air Transport Report","Air Transport Operations",,,"2007-12-20 00:00:00",0,0
100003,"UAL","UNITED AIRLINES","B-757-200","148","26","34","40","A","4","2","D","1","1",,,,"306",0,0,"1996-07-01 00:00:00",7,1996,,,"KOMA","EPPLEY AIRFIELD","NE","ACE",,,,0,,0.00000000e+00,"Take-off run","N",0,0,0,0,0,0,0,0,1,0,0,0,0,0,0,0,0,0,0,0,0,0,0,0,0,0,0,0,0,,,,,,"UNKBM","Unknown bird - medium",,"1","Medium",,,"BIRDSTRIKE AT ROTATION. INSPN. NO DMG.",,,,,,"Deleted","Deleted",,"Air Transport Report","Air Transport Operations",,,"2007-12-20 00:00:00",0,0
100004,"UAL","UNITED AIRLINES","A-320","04A","03","23","01","A","4","2","D","1","1",,,,"510",0,0,"1996-07-01 00:00:00",7,1996,,,"KIAD","WASHINGTON DULLES INTL ARPT","DC","AEA",,,,1000,,,"Approach","N",0,0,0,0,0,0,0,0,0,0,0,0,0,0,0,0,0,0,0,1,0,0,0,0,0,0,0,0,0,,,,,,"UNKBM","Unknown bird - medium",,"1","Medium",,,"ON FINAL APCH, STRIKE UNDER THE NOSE OF THE COCKPIT. NO DAMAGE. LOGBOOK ENTRY. MX INSPN.",,,,,,"Deleted","Deleted",,"Air Transport Report","Air Transport Operations",,,"2007-12-20 00:00:00",0,0
100005,"UAL","UNITED AIRLINES","A-320","04A","03","23","01","A","4","2","D","1","1",,,,"677",0,0,"1996-07-01 00:00:00",7,1996,,,"KLGA","LA GUARDIA ARPT","NY","AEA",,,,5000,,,"Climb","M",0,0,0,0,0,0,1,0,0,0,0,0,0,0,1,0,0,0,0,1,1,0,0,0,0,0,0,0,0,,,,,,"UNKBM","Unknown bird - medium",,"1","Medium",,,"LOUD NOISE WAS HEARD DURING CLIMBOUT THAT SOUNDED LIKE A POSSIBLE BIRDSTRIKE.  ABOUT 2 MINS LATER, A SMELL WAS NOTIED FROM AIRVENTS IN COCKPIT. MX FOUND  HAND-SIZED DENT ON R SIDE OF COCKPIT.",,,,,,"Deleted","Deleted",,"Air Transport Report","Air Transport Operations",,,"2007-12-20 00:00:00",0,1
100006,"AAL","AMERICAN AIRLINES","B-727-100","148","10","34","10","A","4","3","D","5","6","5",,"N977AA",,0,0,"1991-05-06 00:00:00",5,1991,"Day",,"KSAT","SAN ANTONIO INTL","TX","ASW",,"3",,0,100,0.00000000e+00,"Take-off run","N",1,0,0,0,0,0,0,0,0,0,0,0,0,0,0,0,0,0,0,0,0,0,0,0,0,0,0,0,0,,"None",,"No Cloud","None","UNKBM","Unknown bird - medium","1","1","Medium","N","SOURCE = FAA FROM xxxx","NO DAMAGE/INJURY. TIME = 1125 GMT",,,,,,"Deleted","Deleted","1991-06-05 00:00:00","Other","Pilot",,,"1997-11-21 00:00:00",0,0
100007,"AMW","AIR MIDWEST","BE-1900","123","27","31","04","A","3","2","C","4","4",,,,,0,0,"1993-11-05 00:00:00",11,1993,"Dawn",,"KMCI","KANSAS CITY INTL","MO","ACE",,"1L",,1500,220,,"Approach","M?",0,0,1,0,0,0,0,0,1,0,0,0,0,0,0,1,1,1,1,0,0,0,0,0,0,0,0,1,0,,"None",,"Overcast","None","UNKBM","Unknown bird - medium","Over 100","11-100","Medium","Y","THIS MAY BE DUPL STRIKE FOR AIR MIDWEST, BUT TIMES ARE VERY DIFFERENT","ATIS WARNING. STRUCK NUMEROUS OTHER PARTS OF A/C. TIME = 1245UTC.",,,,,,,,,"FAA Form 5200-7",,,,"1998-05-13 00:00:00",0,1
100201,"SWA","SOUTHWEST AIRLINES","B-737-300","148","24","10","01","A","4","2","D","1","1",,,"N311SW",,0,0,"1991-03-02 00:00:00",3,1991,"Day",,"KDAL","DALLAS LOVE FIELD ARPT","TX","ASW",,,,0,,0.00000000e+00,"Take-off run","S",0,0,0,0,0,0,1,1,0,0,0,0,0,0,1,0,0,0,0,0,0,0,0,0,0,0,0,0,0,,"Precautionary Landing",,"Some Cloud","None","NE1","Gulls","1","1","Medium","N","ENG MANU #xxxxxx  SOURCE = ENG MANU & xxxx-x","DAMAGE TO A/C & LOSS OF REVENUE. ENG VIB.3. FAN BLADE SHINGLING.  6 BLADES (AIRFOIL) DEFORMED.",,,,,,"Deleted","Deleted",,"Multiple","Air Transport Operations",,,"2006-10-11 00:00:00",0,1
100202,"FLG*","PINNACLE","BA-31 JETSTR","168","03","19","04","A","2","2","C","4","4",,,"N301PX",,0,0,"1993-09-18 00:00:00",9,1993,"Dawn",,"KFSM","FORT SMITH REGIONAL ARPT","AR","ASW",,"25",,0,80,0.00000000e+00,"Take-off run","S",0,0,0,0,0,0,0,0,1,1,0,0,0,0,1,0,0,0,0,0,0,0,0,0,0,0,0,0,0,,"Aborted Take-off",,"No Cloud",,"UNKBS","Unknown bird - small",,"1","Small","N",,"ENG DAMAGED, FRONT BLADE OF COMPRESSOR BENT. NO INJURY.",,,,,,"Deleted","Deleted","1993-09-18 00:00:00","FAA Form 5200-7","Pilot",,,"2004-06-22 00:00:00",0,1
100203,"UAL","UNITED AIRLINES","B-737-300","148","24","10","01","A","4","2","D","1","1",,,,,0,0,"1993-09-19 00:00:00",9,1993,"Day",,"KLNK","LINCOLN ARPT","NE","ACE",,"17R",,50,,,"Climb","N",0,0,0,0,0,0,0,0,0,0,0,0,0,0,0,0,0,0,0,0,0,0,0,0,0,0,0,0,0,,"None",,"Overcast","None","YI001","Purple martin","1","1","Small","Y",,"TIME = 1645Z.  PILOT DID NOT SAY WHERE A/C WAS STRUCK. NO DAMAGE  REPTD.",,,,,,"Deleted","Deleted","1993-09-19 00:00:00","FAA Form 5200-7","Tower",,,"1998-05-11 00:00:00",0,0
100204,"AAL","AMERICAN AIRLINES","DC-10","583","91",,,"A","4","3","D","5","6","5",,,,0,0,"1992-04-10 00:00:00",4,1992,"Day",,"KDFW","DALLAS/FORT WORTH INTL ARPT","TX","ASW",,"17L",,,,,"Approach","N",0,0,0,0,0,0,0,0,0,0,0,0,0,0,0,0,0,0,0,0,0,0,0,0,0,0,0,0,0,,"None",,,,"UNKBM","Unknown bird - medium",,"2-10","Medium",,,"TIME = 1437Z  A/C HIT SEVERAL BIRDS.  NO DAMAGE.  FLT333",,,,,,"Deleted","Deleted","1992-04-10 00:00:00","AC Incident Rept","Tower",,,"1996-08-14 00:00:00",0,0
100205,"EGF","AMERICAN EAGLE AIRLINES","BA-31 JETSTR","168","03","19","04","A","2","2","C","4","4",,,"N845AE",,0,0,"1992-08-16 00:00:00",8,1992,"Day",,"KAVL","ASHEVILLE REGIONAL ARPT","NC","ASO",,"16",,0,120,0.00000000e+00,"Take-off run","S",0,0,0,0,0,0,0,0,1,1,0,0,0,0,1,0,0,0,0,0,0,0,0,0,0,0,0,0,0,,"Precautionary Landing",,"Some Cloud","None","UNKBM","Unknown bird - medium",,"1","Medium","N","SOURCE = xxxx-x & MISC SITUATION REPT.","DURING ROTATION, NOISE BEGAN ON RT SIDE OF A/C. BLOOD NOTICED IN  RT ENG INTAKE DURING CLIMBOUT. ENG OPERATED NORMALLY.  LANDED  SHORT OF DEST TO INSPCT ENG. FOUND COMPRESSOR BLADE DAMAGE TO RT  ENG. LANDED SAFELY.",,,,,,"Deleted","Deleted",,"Multiple","Pilot",,,"2004-06-22 00:00:00",0,1
100206,"SWA","SOUTHWEST AIRLINES","B-737","148","95","10","01","A","4","2","D","1","1",,,,,0,0,"1994-06-23 00:00:00",6,1994,"Day",,"KMSY","LOUIE ARMSTRONG NEW ORLEANS INTL ARPT","LA","ASW",,,,10,110,,"Climb","N",0,0,0,0,0,0,0,0,0,0,0,0,0,0,0,0,0,0,0,0,0,0,0,0,0,0,0,0,0,,"None",,"Some Cloud","Rain","NE1","Gulls","1","1","Medium",,,"NO DAMAGE.",,,,,,"Deleted","Deleted",,"FAA Form 5200-7",,,,"1998-05-18 00:00:00",0,0
100207,"COM","COMAIR AIRLINES","SAAB-340","778","05","22","22","A","3","2","C","4","4",,,,,0,0,"1991-08-14 00:00:00",8,1991,"Day",,"KCVG","CINCINNATI/NORTHERN KENTUCKY INTL ARPT","KY","ASO",,,,0,80,0.00000000e+00,"Take-off run","N",0,0,0,0,0,0,0,0,0,0,0,0,0,0,0,0,0,0,0,0,0,0,0,0,0,0,0,0,0,,,,"No Cloud","None","ZX3","Sparrows","1","1","Small","N",,"NO DAMAGE/INJURY. FLT 4134.",,,,,,,,"1991-08-14 00:00:00","FAA Form 5200-7","Pilot",,,"1997-09-29 00:00:00",0,0
100208,"COA","CONTINENTAL AIRLINES","DC-9","583","90","34","10","A","4","2","D","5","5",,,,,0,0,"1992-08-25 00:00:00",8,1992,,,"KPNS","PENSACOLA INTL ARPT","FL","ASO",,"35",,0,,0.00000000e+00,"Take-off run","N",0,0,0,0,0,0,0,0,0,0,0,0,0,0,0,0,0,0,0,0,0,0,0,0,0,0,0,0,0,,"None",,"No Cloud",,"O22","Doves",,"1","Small","N",,"FLT 1144.",,,,,,"Deleted","Deleted","1992-08-25 00:00:00","FAA Form 5200-7","Tower",,,"1996-10-21 00:00:00",0,0
100008,"UAL","UNITED AIRLINES","B-737-500","148","33","10","01","A","4","2","D","1","1",,,,"484",0,0,"1995-07-02 00:00:00",7,1995,,,"KMCI","KANSAS CITY INTL","MO","ACE",,,,0,,0.00000000e+00,"Landing Roll","N",0,0,1,0,1,0,0,0,0,0,0,0,0,0,0,0,0,0,0,0,0,0,0,0,0,0,0,0,0,,,,,,"UNKBM","Unknown bird - medium",,"1","Medium",,,"STRIKE ON NOSE IMMEDIATELY AFTER LANDING. STRUCK NOSE, BOUNCED OFF WINDSHIELD AND WENT OVER THE TOP OF THE A/C. NO VISIBLE SIGNS OF DAMAGE.",,,,,,"Deleted","Deleted",,"Air Transport Report","Air Transport Operations",,,"2007-12-20 00:00:00",0,0
100009,"AAL","AMERICAN AIRLINES","MD-80","583","37","34","10","A","4","2","D","5","5",,,,,0,0,"1990-09-19 00:00:00",9,1990,"Day",,"KDFW","DALLAS/FORT WORTH INTL ARPT","TX","ASW",,,,100,135,,"Approach",,0,0,0,0,0,0,0,0,0,0,0,0,0,0,0,0,0,0,0,0,0,0,0,0,0,0,0,0,0,,,,"Some Cloud","None","UNKBS","Unknown bird - small","2-10","2-10","Small","N",,"HIT 2. SPARROW OR OTHER SMALL SIZE BIRD. NO DAMAGE.",,,,,,"Deleted","Deleted",,"FAA Form 5200-7","Pilot",,,"1999-01-21 00:00:00",0,0
100010,"WWM","WINGS WEST","MERLIN IV","915","95","19","04","A","2","2","C","4","4",,,"N690NE",,0,0,"1992-05-03 00:00:00",5,1992,"Day",,"KSJC","NORMAN Y. MINETA SAN JOSE INTL ARPT","CA","AWP",,"30L",,0,,0.00000000e+00,"Landing Roll","N",1,0,0,0,0,0,0,0,0,0,0,0,0,0,0,0,0,0,0,0,0,0,0,0,0,0,0,0,0,,"None",,"Some Cloud","None","Z6007","American robin","1","1","Small","Y","A/C = FAIRCHILD METRO II (x/x/xx UPDATED A/C)","NO DAMAGE",,,,,,,,,"FAA Form 5200-7",,,,"2014-05-08 00:00:00",0,0
244426,"UNK","UNKNOWN","UNKNOWN",,,,,,,,,,,,,,,1,0,"2006-09-02 00:00:00",9,2006,,,"KLGA","LA GUARDIA ARPT","NY","AEA",,"4",,,,0.00000000e+00,,,0,0,0,0,0,0,0,0,0,0,0,0,0,0,0,0,0,0,0,0,0,0,0,0,0,0,0,0,0,,,,,,"NE104","Ring-billed gull",,"1","Medium",,,"PARTIAL 2ND  WINTER RING-BILLED GULL FOUND ON EDGE OF FOAM ARRESTOR BED BEHIND THRESHOLD LIGHTS.",,,,,,"Deleted","Deleted",,"Airport Report","Carcass Found",,,"2006-12-05 00:00:00",0,0
244427,"SKW","SKYWEST AIRLINES","UNKNOWN",,,,,,,,,,,,,,"6558",0,0,"2006-07-10 00:00:00",7,2006,"Day",1844,"KBIL","BILLINGS LOGAN INTL","MT","ANM",,"10L",,0,,0.00000000e+00,"Landing Roll","N",0,0,0,0,0,0,0,0,0,0,0,0,0,0,0,0,0,0,0,0,0,0,0,0,0,0,0,1,0,"PART NOT REPTD",,,,,"UNKBM","Unknown bird - medium",,"1","Medium",,,"REPTD BIRDSTRIKE ON LDG ROLL. NO DMG REPTD.",,,,,,"Deleted","Deleted",,"PACIR","Tower",,,"2006-10-05 00:00:00",0,0
244428,"AAL","AMERICAN AIRLINES","MD-83","583","37","34","10","A","4","2","D","5","5",,,"N599AA",,0,0,"2006-06-13 00:00:00",6,2006,"Night",2115,"KSAT","SAN ANTONIO INTL","TX","ASW",,"12R",,25,130,,"Approach","N",0,0,0,0,1,0,0,0,0,0,0,0,0,0,0,0,0,0,0,0,0,0,0,0,0,0,0,0,0,,"None",,"No Cloud","None","UNKBS","Unknown bird - small","1","1","Small","Y",,,,,,,,"Deleted","Deleted","2006-06-14 00:00:00","FAA Form 5200-7","Pilot",,,"2006-08-31 00:00:00",0,0
244429,"1AWE","AMERICA WEST AIRLINES","B-757-200","148","26","37","37","A","4","2","D","1","1",,,,"68",0,0,"2006-10-20 00:00:00",10,2006,"Day",1439,"PHOG","KAHULUI ARPT","HI","AWP",,"2",,450,140,1.00000000e+00,"Approach","N",0,0,0,0,1,0,0,0,0,0,0,0,0,0,0,0,0,0,0,0,0,0,0,0,0,0,0,0,0,,"None",,"Some Cloud","None","UNKBS","Unknown bird - small","11-100","1","Small","Y","xxxx-xx-xx-xxxxxx",,,,,,,"Deleted","Deleted",,"FAA Form 5200-7-E","Airport Operations",,,"2007-03-01 00:00:00",0,0
244430,"1ASQ","ATLANTIC SOUTHEAST","CRJ100/200","188","10","22","04","A","3","2","D","5","5",,,,"516",0,0,"2006-10-20 00:00:00",10,2006,"Day",904,"KHPN","WESTCHESTER COUNTY ARPT","NY","AEA",,"16",,0,,0.00000000e+00,"Take-off run",,0,0,0,0,0,0,0,0,0,0,0,0,0,0,0,0,0,0,0,0,0,0,0,0,0,0,0,1,0,"PART NOT REPTD","None",,"Overcast","Fog, Rain","UNKBM","Unknown bird - medium",,"1","Medium",,,"# STRUCK NOT REPTD, ASSUME 1.",,,,,,,,,"FAA Form 5200-7",,,,"2007-02-06 00:00:00",0,0
244431,"UPS","UPS AIRLINES","B-757-200","148","26","37","37","A","4","2","D","1","1",,,"N439UP","0711",0,0,"2006-05-04 00:00:00",5,2006,,,"ZZZZ","UNKNOWN",,,,,"LIT-SDF",,,,,"N",0,0,0,0,0,0,0,0,0,0,0,0,0,0,0,0,0,1,0,0,0,0,0,0,0,0,0,0,0,,,,,,"UNKBM","Unknown bird - medium",,"1","Medium",,,"BIRDSTRIKE TO TE FLAP OF L WING. MX INSPN.",,,,,,"Deleted","Deleted","2006-06-19 00:00:00","Air Transport Report","Air Transport Operations",,,"2006-08-09 00:00:00",0,0
244432,"BUS","BUSINESS","C-560","226","45","31","01","A","1","2","D","5","5",,,"N237VP",,0,0,"2006-09-18 00:00:00",9,2006,"Dawn",,"KEVV","EVANSVILLE REGIONAL","IN","AGL",,"18",,50,105,0.00000000e+00,"Climb","N",0,0,0,0,0,0,0,0,0,0,0,0,0,0,0,0,0,1,0,0,0,0,0,0,0,0,0,0,0,,"None",,"Overcast","Rain","O2205","Mourning dove","11-100","2-10","Small","Y","TWO xxxx-x REPTS  OPER = DESERT SKY LLC","BIRDS REPTD AS DOVES, ASSUME MOURNING DOVES FROM LOCATION.",,,,,,"Deleted","Deleted","2006-09-18 00:00:00","FAA Form 5200-7","Pilot",,,"2006-12-19 00:00:00",0,0
244433,"SKW","SKYWEST AIRLINES","CRJ100/200","188","10","22","04","A","3","2","D","5","5",,,"N946SW","6501",0,0,"2006-03-31 00:00:00",3,2006,"Night",1945,"KOAK","METRO OAKLAND INTL","CA","AWP",,"29",,500,,,"Approach","N",0,0,0,0,0,0,0,0,0,0,0,0,0,0,0,0,0,0,0,0,0,0,0,1,0,0,0,0,0,,"None",,"Overcast","Rain","UNKBL","Unknown bird - large",,"1","Large","Y",,"OVER WATER",,,,,,"Deleted","Deleted","2006-03-31 00:00:00","FAA Form 5200-7","Airport Operations",,,"2006-05-15 00:00:00",0,0
244434,"FLG*","PINNACLE","CRJ100/200","188","10","22","04","A","3","2","D","5","5",,,,"5753",0,0,"2006-09-17 00:00:00",9,2006,"Day",,"KMEM","MEMPHIS INTL","TN","ASO",,,,14500,,4.00000000e+01,"Climb",,0,0,0,0,0,0,0,0,0,0,0,0,0,0,0,0,0,0,0,0,0,0,0,0,0,0,0,0,0,,"Precautionary Landing",,"Some Cloud",,"UNKBM","Unknown bird - medium",,"1","Medium",,,"PILOT ADVISED CENTER OF POSSIBLE BIRDSTRIKE AND REQSTD RETURN TO MEM. NO EMERGENCY. ORIG DEST WAS GSB. FLT DELAYED ABOUT 3.5 HRS.",4.00000000e+00,,,,,,,,"FAA Form 5200-7",,,,"2006-12-19 00:00:00",0,0
244435,"UNK","UNKNOWN","UNKNOWN",,,,,,,,,,,,,,,1,0,"2006-02-06 00:00:00",2,2006,,,"KSEA","SEATTLE-TACOMA INTL","WA","ANM",,"34C",,,,0.00000000e+00,,,0,0,0,0,0,0,0,0,0,0,0,0,0,0,0,0,0,0,0,0,0,0,0,0,0,0,0,0,0,,,,,,"R1101","Barn owl",,"1","Small",,"xxxx-x-xx-xxxxxx","FOUND AT 0249 NIGHT",,,,,,"Deleted","Deleted",,"FAA Form 5200-7-E","Carcass Found",,,"2007-02-09 00:00:00",0,0
244436,"BUS","BUSINESS","HAWKER 800","168","08","19","01","A","3","2","D","5","5",,,"N858XL",,0,0,"2006-08-30 00:00:00",8,2006,"Day",1001,"KSDF","LOUISVILLE INTL ARPT-STANDIFORD FIELD","KY","ASO",,"35R",,0,,0.00000000e+00,"Landing Roll",,0,0,0,0,0,0,0,0,0,0,0,0,0,0,0,0,0,0,0,0,0,0,0,0,0,0,0,1,0,"PART NOT REPTD","None",,"Overcast","None","UNKBS","Unknown bird - small",,"1","Small",,"OPER = EXCELAIR LLC",,,,,,,,,,"FAA Form 5200-7",,,,"2006-11-28 00:00:00",0,0
244437,"UNK","UNKNOWN","UNKNOWN",,,,,,,,,,,,,,,1,0,"2006-09-24 00:00:00",9,2006,,,"KHOU","WILLIAM P HOBBY ARPT","TX","ASW",,"4",,,,0.00000000e+00,,,0,0,0,0,0,0,0,0,0,0,0,0,0,0,0,0,0,0,0,0,0,0,0,0,0,0,0,0,0,,,,,,"O2205","Mourning dove",,"1","Small",,"xxxx-x-xx-xxxxxx","FOUND ON RWY 4 NEAR TWY J AT 0810, DAWN. MORNING INSPN.",,,,,,"Deleted","Deleted",,"FAA Form 5200-7-E","Carcass Found",,,"2007-01-08 00:00:00",0,0
244438,"COA","CONTINENTAL AIRLINES","B-737-300","148","24","10","01","A","4","2","D","1","1",,,,,0,0,"2007-04-19 00:00:00",4,2007,"Day",1545,"KEWR","NEWARK LIBERTY INTL ARPT","NJ","AEA",,"4L",,0,,0.00000000e+00,"Take-off run",,0,0,0,0,0,0,0,0,0,0,0,0,0,0,0,0,0,0,0,0,0,0,0,0,0,0,0,1,0,"PART NOT REPTD","None",,"Some Cloud","None","UNKBM","Unknown bird - medium","1","1","Medium","Y","xxxx-x-xx-xxxxxx","RWY INSPECTED AFATER PILOT REPTD STRIKE. NO REMAINS FOUND.",,,,,,"Deleted","Deleted",,"FAA Form 5200-7-E","Airport Operations",,,"2007-06-21 00:00:00",0,0
244439,"CHQ","CHAUTAUQUA AIRLINES","EMB-145","332","14","01","10","A","3","2","D","5","5",,,,"3079",0,0,"2006-08-25 00:00:00",8,2006,"Dawn",620,"KBUF","BUFFALO-NIAGARA INTL","NY","AEA",,,,0,110,0.00000000e+00,"Take-off run","N",0,0,0,0,0,0,0,0,0,0,0,0,0,0,0,0,0,0,0,1,0,0,0,0,0,0,0,0,0,,"None",,"Overcast","Rain","UNKBS","Unknown bird - small",,"1","Small","N","xxxx-x-x-xxxxxx & Rx",,,,,,,,,,"FAA Form 5200-7-E",,,,"2006-11-22 00:00:00",0,0
244440,"AAL","AMERICAN AIRLINES","B-757-200","148","26","37","37","A","4","2","D","1","1",,,"N630AA",,0,0,"2006-09-24 00:00:00",9,2006,"Day",,"MHTG","TONCONTIN INTL",,"FGN",,"2",,0,140,0.00000000e+00,"Take-off run","N",0,0,0,0,0,0,0,0,0,0,0,0,0,0,0,0,0,0,0,0,0,0,0,0,0,0,0,1,0,"PART NOT REPTD","None",,"No Cloud","None","K1","New World Vultures","1","1","Large","N","RXN","BIRD WAS CROSSING RWY AS WE REACHED LIFT OFF SPEED. BIRD DOVE AWAY FROM A/C. AND COULD NOT CONFIRM STRIKE. TWR REPTD DEAD VULTURE WAS FOUND OFF SIDE OF RWY. POST FLT REVEALED NO DMG TO L SIDE OF A/C AND WING.",,,,,,"Deleted","Deleted","2006-09-24 00:00:00","FAA Form 5200-7","Pilot",,,"2007-01-08 00:00:00",0,0
244441,"1ASQ","ATLANTIC SOUTHEAST","CRJ100/200","188","10","22","04","A","3","2","D","5","5",,,"N907EV","369",0,0,"2006-09-25 00:00:00",9,2006,"Day",,"KBTR","BATON ROUGE METROPOLITAN, RYAN FIELD","LA","ASW",,"31",,200,140,,"Approach","N",0,0,0,0,1,0,0,0,0,0,0,0,0,0,0,0,0,0,0,0,0,0,0,0,0,0,0,0,0,,"None",,"No Cloud","None","ZX3","Sparrows","1","1","Small","Y",,,,,,,,,,,"FAA Form 5200-7",,,,"2007-01-08 00:00:00",0,0
244442,"SKW","SKYWEST AIRLINES","CRJ700","188","16","22","04","A","4","2","D","5","5",,,"N770SK","6751",0,0,"2006-11-10 00:00:00",11,2006,"Night",1730,"KDEN","DENVER INTL AIRPORT","CO","ANM",,"34R",,900,133,,"Approach","M?",0,0,0,0,0,0,0,0,0,0,0,0,0,0,0,0,0,1,1,0,0,0,0,0,0,0,0,0,0,,"None",,"No Cloud","None","UNKBM","Unknown bird - medium","2-10","2-10","Medium","N","xxxx-xx-xx-xxxxxx","FLAPS ON L WING DAMAGED.",,,,,,"Deleted","Deleted",,"FAA Form 5200-7-E","Pilot",,,"2007-02-21 00:00:00",0,1
244443,"FDX","FEDEX EXPRESS","DC-10-30","583","25","22","07","A","4","3","D","1","6","1",,"N310FE","54/26",0,0,"2006-11-26 00:00:00",11,2006,"Day",830,"MMMY","GENERAL ESCOBEDO INTL",,"FGN",,"11",,1800,170,,"Approach","N",0,0,1,0,0,0,0,0,0,0,0,0,0,0,0,0,0,0,0,0,0,0,0,0,0,0,0,0,0,,"None",,"No Cloud","None","UNKBS","Unknown bird - small","1","1","Small",,"xxxx-xx-xx-xxxxxx","DOVE SIZED BIRD HIT F/O'S WINDSHLD. NO DMG.",,,,,,"Deleted","Deleted",,"FAA Form 5200-7-E","Air Transport Operations",,,"2007-02-27 00:00:00",0,0
244444,"BTA","EXPRESSJET (CONTINENTAL EXPRS)","EMB-145","332","14","01","10","A","3","2","D","5","5",,,"N13118",,0,0,"2006-12-11 00:00:00",12,2006,"Night",,"KDCA","RONALD REAGAN WASHINGTON NATIONAL ARPT","DC","AEA",,"1",,500,135,,"Approach","N",0,0,0,0,0,0,0,0,0,0,0,0,0,0,0,0,0,0,0,1,0,1,0,0,0,0,0,0,0,,,,"No Cloud",,"J2204","Canada goose","11-100","1","Large","Y","emailed d allaben for goose sp","USDA/WS REPTD BIRD AS CANADA GOOSE.",,,,,,"Deleted","Deleted","2006-12-11 00:00:00","FAA Form 5200-7",,,,"2007-03-07 00:00:00",0,0
244445,"SKW","SKYWEST AIRLINES","CRJ100/200","188","10","22","04","A","3","2","D","5","5",,,"N413SW","3813",1,1,"2005-09-13 00:00:00",9,2005,"Night",2040,"KSLC","SALT LAKE CITY INTL","UT","ANM",,"34L",,5100,145,,"Approach","N",1,0,0,0,1,0,0,0,0,0,0,0,0,0,0,0,0,0,0,0,0,0,0,0,0,0,0,0,0,,"None",,"No Cloud","None","Y","Perching birds (y)","2-10","2-10","Small",,"SLC CASE xx-xxxxx  THREE xxxx-x (xxxx-x-xx-xxxxxx & Rx) & PACIR","ID BY SMITHSONIAN, FAA 1232. BOTH SIDES OF NOSECONE & RT LE WIND STRUCK. SAMPLE TAKEN BY OPS.  INSUFFICIENT MATERIAL FOR SPECIFIC ID. HIT 3 BIRDS. NO REPT OF DMG",,,,,,"Deleted","Deleted",,"Multiple","Airport Operations",,,"2006-10-31 00:00:00",0,0
244446,"SKW","SKYWEST AIRLINES","CRJ700","188","16","22","04","A","4","2","D","5","5",,,"N763SK","6660",0,0,"2006-10-18 00:00:00",10,2006,"Night",,"KDEN","DENVER INTL AIRPORT","CO","ANM",,"16L",,800,135,,"Approach","N",0,0,0,0,0,0,0,0,0,0,0,0,0,0,0,0,0,1,0,0,0,0,0,0,0,0,0,0,0,,"None",,"No Cloud","None","UNKBS","Unknown bird - small",,"1","Small","Y","xxxx-xx-xx-xxxxxx","# STRUCK NOT REPTD, HIT RT OTBD FLAP.",1.00000000e+00,,,,,"Deleted","Deleted",,"FAA Form 5200-7-E","Pilot",,,"2007-02-05 00:00:00",0,0
244447,"ABX","ABX AIR","B-767-200","148","29","34","13","A","4","2","D","1","1",,,"N707AX",,0,0,"2006-05-02 00:00:00",5,2006,,,"ZZZZ","UNKNOWN",,,,,"FOUND AT ILN",,,,,"N",0,0,1,0,0,0,0,0,0,0,0,0,0,0,0,0,0,0,0,0,0,0,0,0,0,0,0,0,0,,"None",,,,"UNKBM","Unknown bird - medium",,"2-10","Medium",,"xxxx-x-x-xxxxxx","BIRDSTRIKE TO BOTH FWD WINDOWS & FUSELAGE AROUND COCKPIT. INSPN.",,,,,,"Deleted","Deleted",,"FAA Form 5200-7-E","Air Transport Operations",,,"2006-07-11 00:00:00",0,0
244448,"UPS","UPS AIRLINES","B-767-300","148","97","22","07","A","4","2","D","1","1",,,"N318UP","404",0,0,"2006-11-01 00:00:00",11,2006,,,"MROC","JUAN SANTAMARIA INTL",,"FGN",,"7",,6000,170,,"Approach","N",0,0,1,0,0,0,0,0,0,0,0,0,0,0,0,0,0,0,0,0,0,0,0,0,0,0,0,0,0,,"None",,"Overcast","None","UNKBL","Unknown bird - large","1","1","Large","N","TWO AIRLINE REPTS","EVENT 9872. CREW REPTD A BIRDSTRIKE DURING APCH. HIT L1 WINDOW. NO DMG REPTD.",,,,,,"Deleted","Deleted",,"Air Transport Report","Air Transport Operations",,,"2007-02-15 00:00:00",0,0
244449,"UPS","UPS AIRLINES","B-757-200","148","26","34","40","A","4","2","D","1","1",,,"N403UP","913",0,0,"2006-11-01 00:00:00",11,2006,,,"KSDF","LOUISVILLE INTL ARPT-STANDIFORD FIELD","KY","ASO",,,,1800,135,,"Approach","M",0,0,0,0,0,0,0,0,1,1,0,0,0,0,1,0,0,0,0,0,0,0,0,0,0,0,0,0,0,,"None",,"Overcast","None","Z6007","American robin","2-10","1","Small","N","SOURCE = TWO xxxx-x (xxxx-xx-xx-xxxxxx & Rx) & x AIRLINE REPTS.","EVENT 9881. CREW REPTD A BIRDSTRIKE TO #2 ENG. NO IRREGULARITIES NOTED IN INDICATIONS. BIRD HIT INSIDE NACELLE LILP. REMAINS ON CORE STATORS FROM 8-11 O'CLOCK POSITION. BORESCOPE FOUND NO INTERNAL DMG. 1 BLADE BLENDED. 4 MAN HRS TO INSPECT/REPAIR",4.00000000e+00,200,,247,,"Deleted","Deleted",,"Air Transport Report","Air Transport Operations",,,"2007-02-12 00:00:00",0,1
244450,"TRS","AIRTRAN AIRWAYS","B-717-200","148","45","09","06","A","4","2","D","5","5",,,"N939AT",,0,0,"2007-04-18 00:00:00",4,2007,"Day",1920,"KMSP","MINNEAPOLIS-ST PAUL INTL/WOLD-CHAMBERLAIN ARPT","MN","AGL",,"12L",,500,145,,"Approach","M",0,0,0,0,0,0,0,0,0,0,0,0,0,0,0,0,0,0,0,0,0,0,0,0,0,1,1,0,0,,"None",,"No Cloud","None","UNKBM","Unknown bird - medium",,"1","Medium","Y",,"WATERFOWL. STRUCK AND BROKE L WING LDG LIGHT.",,,,,,"Deleted","Deleted","2007-04-18 00:00:00","FAA Form 5200-7","Pilot",,,"2007-06-20 00:00:00",0,1
244451,"BUS","BUSINESS","BE-36","123","08","13","20","A","1","1","A","7",,,,"N620DG",,0,0,"2006-12-22 00:00:00",12,2006,"Day",,"KBTR","BATON ROUGE METROPOLITAN, RYAN FIELD","LA","ASW",,"31",,0,,0.00000000e+00,"Landing Roll","N",0,0,0,0,0,0,0,0,0,0,0,0,0,0,0,1,0,0,0,0,0,0,0,0,0,0,0,0,0,,"None",,"Overcast","None","O22","Doves",,"2-10","Small","N","OPER = HERCULES TRANSPORT",,,,,,,,,,"FAA Form 5200-7",,,,"2007-03-20 00:00:00",0,0
244452,"ASH","MESA AIRLINES","CRJ900","188","17","22","04","A","4","2","D","5","5",,,"N926LR","2671",0,0,"2006-10-09 00:00:00",10,2006,,,"KPNS","PENSACOLA INTL ARPT","FL","ASO",,,,,,,"Approach","N",0,0,0,0,0,0,0,0,0,0,0,0,0,0,0,0,0,0,0,0,0,1,0,0,0,0,0,0,0,,,,,,"UNKBM","Unknown bird - medium",,"1","Medium",,,"BIRD HIT NOSE LDG GEAR. WE CHECKED IT AND FOUND NO DMG.",,,,,,"Deleted","Deleted",,"Air Transport Report","Pilot",,,"2007-01-31 00:00:00",0,0
244453,"ASH","MESA AIRLINES","CRJ900","188","17","22","04","A","4","2","D","5","5",,,"N932LR","2979",0,0,"2006-11-10 00:00:00",11,2006,,,"KOKC","WILL ROGERS WORLD ARPT","OK","ASW",,,,0,,0.00000000e+00,"Take-off run","N",0,0,0,0,0,0,0,0,0,0,0,0,0,0,0,0,0,1,0,0,0,0,0,0,0,0,0,0,0,,,,,"None","UNKBM","Unknown bird - medium","2-10","1","Medium",,,"AT ROTATION, NOTED SEVERAL BIRDS PASS BY L SIDE OF A/C. FOUND EVIDENCE OF BIRDSTRIKE ON L WING LE ON POST FLT. RECORDED IN AFML. NO PHYSICAL DMG NOTED BY CREW.",,,,,,"Deleted","Deleted",,"Air Transport Report","Pilot",,,"2007-02-21 00:00:00",0,0
244454,"ABX","ABX AIR","DC-9-40","583","22","34","10","A","4","2","D","5","5",,,"N957AX","129",0,0,"2007-05-02 00:00:00",5,2007,,,"KILN","WILMINGTON AIR PARK","OH","AGL",,"22R",,600,130,,"Approach","N",0,0,0,0,1,0,0,0,0,0,0,0,0,0,0,0,0,0,0,0,0,1,0,0,0,1,0,0,0,,"None",,"No Cloud","None","UNKBM","Unknown bird - medium",,"1","Medium","N","TWO xxxx-x (xxxx-x-x-xxxxxx & x-xx-xxxxxx","FINAL APCH. HIT OFF NOSE L SIDE. NO DMG. MX FOUND EVIDENCE ON  TAXI LIGHT AND GEAR.",,,,,,"Deleted","Deleted",,"FAA Form 5200-7-E","Air Transport Operations",,,"2007-07-11 00:00:00",0,0
244455,"KAP","CAPE AIR","C-402","226","33","13","16","A","2","2","A","4","4",,,"N7037E",,0,0,"2006-09-04 00:00:00",9,2006,"Day",1617,"TISX","HENRY E ROHLSEN ARPT","VI","ASO",,"10",,,,,"Approach","N",0,0,0,0,1,0,0,0,0,0,0,0,0,0,0,0,0,1,0,1,0,0,0,0,0,0,0,0,0,,"None",,"Some Cloud","None","UNKBS","Unknown bird - small","2-10","2-10","Small","N",,"SML BLACK BIRDS.",,,,,,"Deleted","Deleted","2006-09-04 00:00:00","FAA Form 5200-7","Tower",,,"2006-12-06 00:00:00",0,0
244456,"SKW","SKYWEST AIRLINES","CRJ100/200","188","10","22","04","A","3","2","D","5","5",,,"N956SW","6467",0,0,"2006-12-09 00:00:00",12,2006,"Day",,"KSMF","SACRAMENTO INTL","CA","AWP",,"16R",,200,140,,"Approach","N",0,0,1,0,0,0,0,0,0,0,0,0,0,0,0,0,0,0,0,0,0,0,0,0,0,0,0,0,0,,"None",,"Overcast","Rain","ZT1","Blackbirds","11-100","1","Small",,"xxxx-xx-xx-xxxxxx","NO DMG. SOME TYPE OF BLACK BIRD. (# STRUCK NOT REPTD, ASSUME 1)",,,,,,"Deleted","Deleted",,"FAA Form 5200-7-E","Pilot",,,"2007-03-06 00:00:00",0,0
244457,"UAL","UNITED AIRLINES","A-319","04A","06","23","01","A","4","2","D","1","1",,,"N823UA","794",0,0,"2006-08-12 00:00:00",8,2006,"Day",850,"KDEN","DENVER INTL AIRPORT","CO","ANM",,"17R",,0,,0.00000000e+00,"Take-off run",,0,0,1,0,0,0,0,0,0,0,0,0,0,0,0,0,0,0,0,0,0,0,0,0,0,0,0,0,0,,"None",,,,"UNKBM","Unknown bird - medium",,"1","Medium",,,"DURING T/O (ASSUME0' AGL) FROM 17R, BIRD HIT F/O WINDSHLD. DID NOT EXPERIENCE ANY DEFECTS IN FLIGHT. NO DAMAGE STATED.",,,,,,"Deleted","Deleted","2006-08-15 00:00:00","Air Transport Report","Air Transport Operations",,,"2006-11-09 00:00:00",0,0
244458,"UAL","UNITED AIRLINES","A-319","04A","06","23","01","A","4","2","D","1","1",,,"N825UA","607",0,0,"2006-08-12 00:00:00",8,2006,"Day",945,"KORD","CHICAGO O'HARE INTL ARPT","IL","AGL",,"4R",,0,,0.00000000e+00,"Landing Roll","N",0,0,0,0,0,0,0,0,0,0,0,0,0,0,0,0,0,0,0,0,0,0,0,0,0,0,0,1,0,"PART NOT REPTD",,,,,"UNKBS","Unknown bird - small",,"1","Small",,"FWD TO C PULLINS AT ORD","NO DMG FOUND. HIT SML BIRD DURING LDG ROLLOUT.",,,,,,"Deleted","Deleted","2006-08-15 00:00:00","Air Transport Report","Air Transport Operations",,,"2006-11-09 00:00:00",0,0
244459,"UNK","UNKNOWN","UNKNOWN",,,,,,,,,,,,,,,1,0,"2006-12-11 00:00:00",12,2006,,,"KLGA","LA GUARDIA ARPT","NY","AEA",,"4",,,,0.00000000e+00,,,0,0,0,0,0,0,0,0,0,0,0,0,0,0,0,0,0,0,0,0,0,0,0,0,0,0,0,0,0,,,,,,"NE101","Herring gull",,"1","Medium",,"SOURCE = xxxx-x & AIRPORT","MOSTLY INTACT REMAINS FOUND ON NE SHOULDER OF RWY 4 ABOUT 1000 FT FROM THRESHOLD. 5200-7 FORM MAILED.",,,,,,"Deleted","Deleted",,"Multiple","Carcass Found",,,"2007-03-06 00:00:00",0,0
365938,"ASQ","EXPRESSJET AIRLINES","EMB-145","332","14","01","10","A","3","2","D","5","5",,,,"4155",1,0,"2015-09-22 00:00:00",9,2015,"Day",1130,"KAMA","RICK HUSBAND AMARILLO INTL","TX","ASW",,"22",,1,180,0.00000000e+00,"Climb","N",0,0,1,0,0,0,0,0,0,0,0,0,0,0,0,0,0,0,0,1,0,0,0,0,0,0,0,0,0,,"None",,"Some Cloud","Rain","YI005","Barn swallow","1","1","Small","N","SOURCE = TWO xxxx-x (xxxx-x-xx-xxxxxx, x-xx-xxxxxx)","RWY INSPECTED WITH ONE SWALLOW RECVRD. A/C CONT TO DESTINATION.",,,,,,"Deleted","Deleted",,"FAA Form 5200-7-E","Tower",,,"2016-04-14 00:00:00",0,0
365939,"FDX","FEDEX EXPRESS","DC-10-30","583","25","22","07","A","4","3","D","1","6","1",,"N303FE","1837",0,0,"2015-09-22 00:00:00",9,2015,"Night",2230,"KOAK","METRO OAKLAND INTL","CA","AWP",,"30",,1000,150,3.00000000e+00,"Approach","N",1,0,0,0,0,0,0,0,0,0,0,0,0,0,0,0,0,0,0,0,0,0,0,0,0,0,0,0,0,,"None",,"No Cloud","None","UNKBS","Unknown bird - small","1","1","Small",,"xxxx-x-xx-xxxxxx","LOCATION REPTD AS 3NM. FINAL APRCH.",,,,,,"Deleted","Deleted",,"FAA Form 5200-7-E","Pilot",,,"2016-04-14 00:00:00",0,0
365940,"FDX","FEDEX EXPRESS","MD-11","583","39",,,"A","4","3","D","1","6","1",,,"1204",1,1,"2015-09-22 00:00:00",9,2015,,,"UNKN",,,,,,"FOUND KMEM",,,,,"N",0,0,0,0,0,0,0,0,0,0,0,0,0,0,0,0,0,0,0,0,0,1,0,0,0,0,0,0,0,,,,,,"ZS","Wood warblers",,"1","Small",,"SOURCE = TWO xxxx-x (xxxx-x-xx-xxxxxx, Rx)","FOUND KMEM. KMEM-KLAX. 100AM NIGHT.",,,,,,"Deleted","Deleted",,"FAA Form 5200-7-E","Airport Operations",,,"2016-04-14 00:00:00",0,0
365941,"QXE","HORIZON AIR","DHC8 DASH 8","303","10","31","10","A","3","2","C","4","4",,,"N404QX",,1,1,"2015-09-22 00:00:00",9,2015,,,"UNKN",,,,,,"FOUND KPDX",,,,,"N",0,0,0,0,0,0,0,0,0,0,0,0,0,0,0,0,0,1,0,0,0,0,0,0,0,0,0,0,0,,,,,,"ZX309","White-crowned sparrow",,"1","Small",,"SOURCE = TWO xxxx-x (xxxx-x-xx-xxxxxx, Rx)","FOUND KPDX. 1220PM DAY.",,,,,,"Deleted","Deleted",,"FAA Form 5200-7-E","Airport Operations",,,"2016-04-14 00:00:00",0,0
365942,"SCX","SUN COUNTRY AIRLINES","B-737-800","148","43","10","01","A","4","2","D","1","1",,,"N801SY"," 250",1,1,"2015-09-26 00:00:00",9,2015,"Day",920,"KMSP","MINNEAPOLIS-ST PAUL INTL/WOLD-CHAMBERLAIN ARPT","MN","AGL",,,,0,,0.00000000e+00,"Landing Roll","N",0,0,0,0,0,0,1,0,0,0,0,0,0,0,0,0,0,0,0,0,0,0,0,0,0,0,0,0,0,,,,,,"Z6004","Swainson's thrush",,"1","Small",,"SOURCE = TWO xxxx-x (xxxx-x-xx-xxxxxx, Rx)","RAMP SUPV STATE MX WAS INSPECTING THE A/C. STRUCK ON LANDING. OPS REPORTED NO DMG. GLANCING SNARGE FOUND ON EDGE OF ENGINE INLET.",,,,,,"Deleted","Deleted",,"FAA Form 5200-7-E","Air Transport Operations",,,"2016-04-14 00:00:00",0,0
365943,"UAL","UNITED AIRLINES","B-737-800","148","43","10","01","A","4","2","D","1","1",,,"N78524","1510",1,1,"2015-09-26 00:00:00",9,2015,"Night",2259,"KEWR","NEWARK LIBERTY INTL ARPT","NJ","AEA",,"4R",,3000,140,,"Approach","N",1,0,0,0,0,0,0,0,0,0,0,0,0,0,0,0,0,0,0,0,0,0,0,0,0,0,0,0,0,,"None",,"No Cloud","None","1C2102","Hoary bat",,"1","Small","Y","SOURCE = THREE xxxx-x (xxxx-x-xx-xxxxxx-Rx)","SNARGE, FEATHER.",,,,,,"Deleted","Deleted",,"FAA Form 5200-7-E","Airport Operations",,,"2016-04-14 00:00:00",0,0
365944,"UNK","UNKNOWN","UNKNOWN",,,,,,,,,,,,,,,1,0,"2015-09-26 00:00:00",9,2015,,,"KBJC","ROCKY MOUNTAIN METROPOLITAN ARPT","CO","ANM",,,,,,0.00000000e+00,,,0,0,0,0,0,0,0,0,0,0,0,0,0,0,0,0,0,0,0,0,0,0,0,0,0,0,0,0,0,,,,,,"O2205","Mourning dove",,"1","Small",,"xxxx-x-xx-xxxxxx","TWY DELTA.",,,,,,"Deleted","Deleted",,"FAA Form 5200-7-E","Carcass Found",,,"2016-04-14 00:00:00",0,0
365945,"UNK","UNKNOWN","UNKNOWN",,,,,,,,,,,,,,,1,0,"2015-09-26 00:00:00",9,2015,,,"KDAB","DAYTONA BEACH INTL","FL","ASO",,"7L",,,,0.00000000e+00,,,0,0,0,0,0,0,0,0,0,0,0,0,0,0,0,0,0,0,0,0,0,0,0,0,0,0,0,0,0,,,,,,"N5111","Killdeer",,"1","Small",,"xxxx-x-xx-xxxxxx","FOUND REMAINS DURING FOD INSPN ON 7L, W OF N5 N OF EDGE LINE. REMAINS REMOVED FROM RWY. 7:59AM DAY.",,,,,,"Deleted","Deleted",,"FAA Form 5200-7-E","Carcass Found",,,"2016-04-14 00:00:00",0,0
365946,"UNK","UNKNOWN","UNKNOWN",,,,,,,,,,,,,,,1,0,"2015-09-26 00:00:00",9,2015,,,"KDAL","DALLAS LOVE FIELD ARPT","TX","ASW",,"31L",,,,0.00000000e+00,,,0,0,0,0,0,0,0,0,0,0,0,0,0,0,0,0,0,0,0,0,0,0,0,0,0,0,0,0,0,,,,,,"1A1","Virginia opossum",,"1","Large",,"xxxx-x-xx-xxxxxx",,,,,,,"Deleted","Deleted",,"FAA Form 5200-7-E","Carcass Found",,,"2016-04-14 00:00:00",0,0
365947,"UNK","UNKNOWN","UNKNOWN",,,,,,,,,,,,,,,1,0,"2015-09-26 00:00:00",9,2015,,,"KDFW","DALLAS/FORT WORTH INTL ARPT","TX","ASW",,"35C",,,,0.00000000e+00,,,0,0,0,0,0,0,0,0,0,0,0,0,0,0,0,0,0,0,0,0,0,0,0,0,0,0,0,0,0,,,,,,"T1002","Chimney swift",,"1","Small",,"SOURCE = THREE xxxxx-x (xxxx-x-xx-xxxxxx-Rx)",,,,,,,"Deleted","Deleted",,"FAA Form 5200-7-E","Airport Operations",,,"2016-04-14 00:00:00",0,0
365948,"UNK","UNKNOWN","UNKNOWN",,,,,,,,,,,,,,,1,0,"2015-09-26 00:00:00",9,2015,,,"KMFE","MC ALLEN MILLER INTL","TX","ASW",,"13/31",,,,0.00000000e+00,,,0,0,0,0,0,0,0,0,0,0,0,0,0,0,0,0,0,0,0,0,0,0,0,0,0,0,0,0,0,,,,,,"UNKBS","Unknown bird - small",,"1","Small",,"xxxx-x-xx-xxxxxx",,,,,,,"Deleted","Deleted",,"FAA Form 5200-7-E","Carcass Found",,,"2016-04-14 00:00:00",0,0
365949,"UNK","UNKNOWN","UNKNOWN",,,,,,,,,,,,,,,1,0,"2015-09-26 00:00:00",9,2015,,,"KMKE","GENERAL MITCHELL INTL","WI","AGL",,"1L",,,,0.00000000e+00,,,0,0,0,0,0,0,0,0,0,0,0,0,0,0,0,0,0,0,0,0,0,0,0,0,0,0,0,0,0,,,,,,"O2205","Mourning dove",,"1","Small",,"xxxx-x-xx-xxxxxx","FOUND ON 1L,  BTWN R3 AND S. ID BY WS.",,,,,,"Deleted","Deleted",,"FAA Form 5200-7-E","Carcass Found",,,"2016-04-14 00:00:00",0,0
365950,"UNK","UNKNOWN","UNKNOWN",,,,,,,,,,,,,,,1,1,"2015-09-26 00:00:00",9,2015,,,"KPHF","NEWPORT NEWS/WILLIAMSBURG INTL","VA","AEA",,"7/25",,,,0.00000000e+00,,,0,0,0,0,0,0,0,0,0,0,0,0,0,0,0,0,0,0,0,0,0,0,0,0,0,0,0,0,0,,,,,,"K5114","American kestrel",,"1","Small",,"SOURCE = TWO xxxx-x (xxxx-x-xx-xxxxxx, Rx)",,,,,,,"Deleted","Deleted",,"FAA Form 5200-7-E","Carcass Found",,,"2016-04-14 00:00:00",0,0
365951,"UNK","UNKNOWN","UNKNOWN",,,,,,,,,,,,,,,1,0,"2015-09-26 00:00:00",9,2015,,,"KPIA","GENERAL DOWNING-PEORIA INTL ARPT","IL","AGL",,"4/22",,,,0.00000000e+00,,,0,0,0,0,0,0,0,0,0,0,0,0,0,0,0,0,0,0,0,0,0,0,0,0,0,0,0,0,0,,,,,,"S5213","Common nighthawk",,"1","Small",,"SOURCE = TWO xxxx-x (xxxx-x-xx-xxxxxx, Rx)",,,,,,,"Deleted","Deleted",,"FAA Form 5200-7-E","Carcass Found",,,"2016-04-14 00:00:00",0,0
365952,"UNK","UNKNOWN","UNKNOWN",,,,,,,,,,,,,,,1,0,"2015-09-26 00:00:00",9,2015,,,"KSLC","SALT LAKE CITY INTL","UT","ANM",,"16R",,,,0.00000000e+00,,,0,0,0,0,0,0,0,0,0,0,0,0,0,0,0,0,0,0,0,0,0,0,0,0,0,0,0,0,0,,,,,,"YH004","Horned lark",,"1","Small",,"xxxx-x-xx-xxxxxx",,,,,,,"Deleted","Deleted",,"FAA Form 5200-7-E","Carcass Found",,,"2016-04-14 00:00:00",0,0
365953,"AAL","AMERICAN AIRLINES","A-320","04A","03","10","01","A","4","2","D","1","1",,,"N124US","2044",1,1,"2015-09-25 00:00:00",9,2015,,,"UNKN",,,,,,"FOUND KCLT",,,,,"M?",0,0,0,0,0,0,0,0,1,0,0,0,0,0,1,0,0,0,0,0,0,0,0,0,0,0,0,1,1,"ENGINE #2 NOSE COWL",,,,,"ZT102","Yellow-headed blackbird",,"1","Small",,"SOURCE = FOUR xxxx-x (xxxx-x-xx-xxxxxx-Rx)","SPECIES SUGGESTS STRIKE LOCATION MID TO WESTERN US. ARRIVAL RWY INSPN WITH NEGATIVE RESULTS. FOUND KCLT. 1200PM DAY. PHOTOS.",7.00000000e+00,25000,,24350,,"Deleted","Deleted",,"FAA Form 5200-7-E","Airport Operations",,,"2016-04-14 00:00:00",0,1
365954,"AAL","AMERICAN AIRLINES","B-737-800","148","43","10","01","A","4","2","D","1","1",,,"N918NN","1404",0,0,"2015-09-25 00:00:00",9,2015,"Day",1720,"KORD","CHICAGO O'HARE INTL ARPT","IL","AGL",,"10C",,200,145,,"Approach","N",0,0,0,0,0,0,0,0,0,0,0,0,0,0,0,0,0,1,0,0,0,0,0,0,0,0,0,0,0,,"None",,"Some Cloud","None","UNKBM","Unknown bird - medium","1","1","Medium","N","xxxx-x-xx-xxxxxx",,,,,,,"Deleted","Deleted",,"FAA Form 5200-7-E","Pilot",,,"2016-04-14 00:00:00",0,0
365955,"AAL","AMERICAN AIRLINES","A-320","04A","03",,,"A","4","2","D","1","1",,,,"2044",0,0,"2015-09-25 00:00:00",9,2015,"Day",1214,"KCLT","CHARLOTTE/DOUGLAS INTL ARPT","NC","ASO",,"36L",,0,,0.00000000e+00,"Landing Roll","N",0,0,0,0,0,0,0,0,0,0,0,0,0,0,0,0,0,0,0,0,0,0,0,0,0,0,0,1,0,"PART NOT REPTD","None",,,,"UNKB","Unknown bird",,"1",,,"xxxx-x-xx-xxxxxx","REPORTED A BIRDSTRIKE ON LANDING RWY 26L. NO DMG.",,,,,,,,,"FAA Form 5200-7-E",,,,"2016-04-14 00:00:00",0,0
365956,"FLG","ENDEAVOR AIR","CRJ900","188","17","22","04","A","4","2","D","5","5",,,"N301PQ","3978",0,0,"2015-09-25 00:00:00",9,2015,,,"UNKN",,,,,,"FOUND KMSP",,,,,"N",0,0,0,0,0,0,0,0,0,0,0,0,0,0,0,0,0,1,0,0,0,0,0,0,0,0,0,0,0,,,,,,"UNKBM","Unknown bird - medium",,"1","Medium",,"xxxx-x-xx-xxxxxx","FOUND POSTFLT KMSP. NO DMG NOTED.  1230PM DAY.",,,,,,"Deleted","Deleted",,"FAA Form 5200-7-E","Pilot",,,"2016-04-14 00:00:00",0,0
365957,"ASQ","EXPRESSJET AIRLINES","EMB-145","332","14","01","10","A","3","2","D","5","5",,,"N11127","4711",0,0,"2015-09-25 00:00:00",9,2015,,,"UNKN",,,,,,"FOUND KEWR",,,,,"N",0,0,0,0,0,0,0,0,0,0,0,0,0,0,0,0,0,1,0,0,0,0,0,0,0,0,0,0,0,,,,,,"UNKBS","Unknown bird - small",,"1","Small",,"xxxx-x-xx-xxxxxx","MX CLEANED OFF THE WING AND DISPOSED OF THE CLEANING CLOTH. FOUND KEWR. 750AM DAY.",,,,,,"Deleted","Deleted",,"FAA Form 5200-7-E","Airport Operations",,,"2016-04-14 00:00:00",0,0
17458,"MIL","MILITARY","C-135","148",,,,"A",,,,,,,,,,0,0,"2012-09-20 00:00:00",9,2012,,1330,"KHSV","HUNTSVILLE INTL ARPT-CARL T JONES FIELD","AL","ASO",,,,2400,,,"Approach","N",0,0,0,0,0,0,0,0,0,0,0,0,0,0,0,0,0,0,0,0,0,0,0,0,0,1,0,0,0,,,,,,"K3313","Broad-winged hawk",,,"Medium",,"SOURCE = BASH NR xxxxxx",,,,,,,"Deleted","Deleted",,"BASH",,,,"2014-09-18 00:00:00",0,0
17459,"MIL","MILITARY","UNKNOWN",,,,,,,,,,,,,,,0,0,"2012-09-20 00:00:00",9,2012,,1930,"KAAF","APALACHICOLA REGIONAL ARPT","FL","ASO",,,,0,,,"Take-off run","N",0,0,0,0,0,0,0,0,0,0,0,0,0,0,0,0,0,0,0,0,0,1,0,0,0,0,0,0,0,,,,,,"1F12","Domestic dog",,,"Large",,"SOURCE = BASH NR xxxxxx",,,,,,,"Deleted","Deleted",,"BASH",,,,"2014-09-18 00:00:00",0,0
17460,"MIL","MILITARY","C-40","148",,"22",,"A","4","2","D","1","1",,,,,0,0,"2012-09-21 00:00:00",9,2012,,1240,"KACY","ATLANTIC CITY INTL","NJ","AEA",,,,400,,,"Approach","N",1,0,0,0,1,0,0,0,0,0,0,0,0,0,0,0,0,0,0,0,0,0,0,0,0,0,0,0,0,,,,,,"Y","Perching birds (y)",,,"Small",,"SOURCE = BASH NR xxxxxx",,,,,,,"Deleted","Deleted",,"BASH",,,,"2014-09-18 00:00:00",0,0
17461,"MIL","MILITARY","T-38","665",,"22","62","A","2","2","B","3","3",,,,,0,0,"2012-09-24 00:00:00",9,2012,,1800,"KAFW","FORT WORTH ALLIANCE","TX","ASW",,,,0,,,"Take-off run","E",0,0,0,0,0,0,0,0,1,0,0,0,0,0,0,0,0,0,0,0,0,0,0,0,0,0,0,0,0,,,,,,"O2","Pigeons, doves",,,"Small",,"SOURCE = BASH NR xxxxxx",,,18419,,19416,,"Deleted","Deleted",,"BASH",,,,"2014-09-18 00:00:00",0,1
17462,"MIL","MILITARY","H-60","813",,,,"B",,,,,,,,,,0,0,"2012-09-24 00:00:00",9,2012,,2359,"KABQ","ALBUQUERQUE INTL SUNPORT","NM","ASW",,,,125,,,"Approach","N",0,0,0,0,0,0,0,0,0,0,0,0,0,0,0,0,0,1,0,0,0,0,0,0,0,0,0,0,0,,,,,,"ZX3","Sparrows",,,"Small",,"SOURCE = BASH NR xxxxxx",,,,,,,"Deleted","Deleted",,"BASH",,,,"2014-09-18 00:00:00",0,0
